{
  "experiment": "Defect Detection Potential Validation(RQ2)",
  "total_models": 5,
  "results": [
    {
      "dataset": "mnist",
      "model": "lenet1",
      "experiment_type": "parent_seed_based",
      "config": {
        "n_seeds_per_group": 50,
        "n_mutations_per_seed": 10,
        "total_tests_per_group": 500
      },
      "group_comparison": {
        "near_parents": {
          "n_seeds": 50,
          "ESR": 0.82,
          "DDC": 2.06,
          "DDE": 474.169184573261,
          "n_effective_seeds": 41,
          "total_time": 0.08646702766418457,
          "total_errors": 103
        },
        "far_parents": {
          "n_seeds": 50,
          "ESR": 0.5,
          "DDC": 1.02,
          "DDE": 240.36346465067874,
          "n_effective_seeds": 25,
          "total_time": 0.10400915145874023,
          "total_errors": 51
        },
        "random_baseline": {
          "n_seeds": 50,
          "ESR": 0.5,
          "DDC": 1.0,
          "DDE": 206.60822550485796,
          "n_effective_seeds": 25,
          "total_time": 0.1210019588470459,
          "total_errors": 50
        }
      },
      "statistical_tests": {
        "DDC": {
          "near_vs_baseline": {
            "t_statistic": 3.2739684248543672,
            "p_value": 0.0014659928913357283,
            "cohens_d": 0.6614415070300464,
            "significance": "**"
          },
          "near_vs_far": {
            "t_statistic": 3.3104591501702956,
            "p_value": 0.0013045072481396567,
            "cohens_d": 0.6688137468361347,
            "significance": "**"
          }
        },
        "ESR": {
          "near_vs_baseline": {
            "t_statistic": 3.552424286295086,
            "p_value": 0.0005888093653056733,
            "cohens_d": 0.7176980864260104,
            "significance": "***"
          },
          "near_vs_far": {
            "t_statistic": 3.552424286295086,
            "p_value": 0.0005888093653056733,
            "cohens_d": 0.7176980864260104,
            "significance": "***"
          }
        },
        "DDE": {
          "near_vs_baseline": {
            "t_statistic": 3.2739684248543672,
            "p_value": 0.0014659928913357283,
            "cohens_d": 0.6614415070300464,
            "significance": "**"
          },
          "near_vs_far": {
            "t_statistic": 3.3104591501702956,
            "p_value": 0.0013045072481396567,
            "cohens_d": 0.6688137468361347,
            "significance": "**"
          }
        }
      }
    },
    {
      "dataset": "mnist",
      "model": "lenet4",
      "experiment_type": "parent_seed_based",
      "config": {
        "n_seeds_per_group": 50,
        "n_mutations_per_seed": 10,
        "total_tests_per_group": 500
      },
      "group_comparison": {
        "near_parents": {
          "n_seeds": 50,
          "ESR": 0.66,
          "DDC": 1.42,
          "DDE": 259.8881901975842,
          "n_effective_seeds": 33,
          "total_time": 0.12697768211364746,
          "total_errors": 71
        },
        "far_parents": {
          "n_seeds": 50,
          "ESR": 0.14,
          "DDC": 0.32,
          "DDE": 37.03724522813254,
          "n_effective_seeds": 7,
          "total_time": 0.18899893760681152,
          "total_errors": 16
        },
        "random_baseline": {
          "n_seeds": 50,
          "ESR": 0.44,
          "DDC": 1.16,
          "DDE": 161.16526328842872,
          "n_effective_seeds": 22,
          "total_time": 0.1365058422088623,
          "total_errors": 58
        }
      },
      "statistical_tests": {
        "DDC": {
          "near_vs_baseline": {
            "t_statistic": 0.7161802949866899,
            "p_value": 0.47558317964531094,
            "cohens_d": 0.14469026946779154,
            "significance": "ns"
          },
          "near_vs_far": {
            "t_statistic": 3.9390440783026612,
            "p_value": 0.00015329169994228814,
            "cohens_d": 0.7958070797601502,
            "significance": "***"
          }
        },
        "ESR": {
          "near_vs_baseline": {
            "t_statistic": 2.244411543716993,
            "p_value": 0.027055016950363456,
            "cohens_d": 0.4534396063816151,
            "significance": "*"
          },
          "near_vs_far": {
            "t_statistic": 6.198944599940561,
            "p_value": 1.3485555652404955e-08,
            "cohens_d": 1.252375932233629,
            "significance": "***"
          }
        },
        "DDE": {
          "near_vs_baseline": {
            "t_statistic": 0.7161802949866899,
            "p_value": 0.47558317964531094,
            "cohens_d": 0.14469026946779154,
            "significance": "ns"
          },
          "near_vs_far": {
            "t_statistic": 3.9390440783026612,
            "p_value": 0.00015329169994228814,
            "cohens_d": 0.7958070797601502,
            "significance": "***"
          }
        }
      }
    },
    {
      "dataset": "mnist",
      "model": "lenet5",
      "experiment_type": "parent_seed_based",
      "config": {
        "n_seeds_per_group": 50,
        "n_mutations_per_seed": 10,
        "total_tests_per_group": 500
      },
      "group_comparison": {
        "near_parents": {
          "n_seeds": 50,
          "ESR": 0.5,
          "DDC": 1.9,
          "DDE": 168.9219100888286,
          "n_effective_seeds": 25,
          "total_time": 0.14799737930297852,
          "total_errors": 95
        },
        "far_parents": {
          "n_seeds": 50,
          "ESR": 0.26,
          "DDC": 0.54,
          "DDE": 67.69962131088514,
          "n_effective_seeds": 13,
          "total_time": 0.19202470779418945,
          "total_errors": 27
        },
        "random_baseline": {
          "n_seeds": 50,
          "ESR": 0.28,
          "DDC": 0.86,
          "DDE": 91.5022002817358,
          "n_effective_seeds": 14,
          "total_time": 0.1530017852783203,
          "total_errors": 43
        }
      },
      "statistical_tests": {
        "DDC": {
          "near_vs_baseline": {
            "t_statistic": 2.329030668168864,
            "p_value": 0.021911051571350003,
            "cohens_d": 0.4705352511581828,
            "significance": "*"
          },
          "near_vs_far": {
            "t_statistic": 3.3370862585115004,
            "p_value": 0.0011973593765481998,
            "cohens_d": 0.6741932350851217,
            "significance": "**"
          }
        },
        "ESR": {
          "near_vs_baseline": {
            "t_statistic": 2.2916260699090896,
            "p_value": 0.024067590308573132,
            "cohens_d": 0.4629783811361698,
            "significance": "*"
          },
          "near_vs_far": {
            "t_statistic": 2.525816073161907,
            "p_value": 0.013145711380789528,
            "cohens_d": 0.5102919066750747,
            "significance": "*"
          }
        },
        "DDE": {
          "near_vs_baseline": {
            "t_statistic": 2.329030668168864,
            "p_value": 0.021911051571350003,
            "cohens_d": 0.4705352511581828,
            "significance": "*"
          },
          "near_vs_far": {
            "t_statistic": 3.3370862585115004,
            "p_value": 0.0011973593765481998,
            "cohens_d": 0.6741932350851217,
            "significance": "**"
          }
        }
      }
    },
    {
      "dataset": "cifar10",
      "model": "resnet20",
      "experiment_type": "parent_seed_based",
      "config": {
        "n_seeds_per_group": 50,
        "n_mutations_per_seed": 10,
        "total_tests_per_group": 500
      },
      "group_comparison": {
        "near_parents": {
          "n_seeds": 50,
          "ESR": 0.98,